Format Version,1.24,Take Name,Take 2024-10-24 04.26.46 PM,Take Notes,,Capture Frame Rate,180.000000,Export Frame Rate,180.000000,Capture Start Time,2024-10-24 04.26.47.070 PM,Capture Start Frame,161615,Total Frames in Take,1801,Total Exported Frames,1801,Rotation Type,Quaternion,Length Units,Millimeters,Coordinate Space,Global

,Type,Marker,Marker,Marker
,Name,Unlabeled 1014,Unlabeled 1014,Unlabeled 1014
,ID,"CE30C20AAF924411EF","CE30C20AAF924411EF","CE30C20AAF924411EF"
,,Position,Position,Position
Frame,Time (Seconds),X,Y,Z
0,0.000000,147.097687,67.769791,90.318573
1,0.005556,147.092850,67.771233,90.317223
2,0.011111,147.094177,67.771057,90.316582
3,0.016667,147.095795,67.768364,90.315514
4,0.022222,147.097717,67.769402,90.319084
5,0.027778,147.095566,67.772209,90.315437
6,0.033333,147.098053,67.767265,90.317108
7,0.038889,147.099594,67.767403,90.319290
8,0.044444,147.101166,67.768311,90.321259
9,0.050000,147.099930,67.766212,90.317230
10,0.055556,147.097824,67.767609,90.319153
11,0.061111,147.100403,67.765327,90.320152
12,0.066667,147.100006,67.766838,90.316551
13,0.072222,147.099319,67.766624,90.320221
14,0.077778,147.096741,67.769913,90.319382
15,0.083333,147.097015,67.766525,90.318619
16,0.088889,147.101349,67.768372,90.320099
17,0.094444,147.101791,67.771347,90.320145
18,0.100000,147.100586,67.770233,90.318283
19,0.105556,147.100586,67.769386,90.320976
20,0.111111,147.098145,67.770996,90.319939
21,0.116667,147.100189,67.771683,90.319603
22,0.122222,147.100998,67.770851,90.320747
23,0.127778,147.098923,67.772339,90.319466
24,0.133333,147.098969,67.770508,90.317932
25,0.138889,147.099899,67.768394,90.318703
26,0.144444,147.100204,67.768677,90.317902
27,0.150000,147.099945,67.767700,90.321297
28,0.155556,147.097824,67.766670,90.318573
29,0.161111,147.098785,67.764061,90.319305
30,0.166667,147.098663,67.764427,90.318604
31,0.172222,147.096069,67.762779,90.317200
32,0.177778,147.096725,67.764534,90.318130
33,0.183333,147.097977,67.764641,90.318909
34,0.188889,147.097351,67.762314,90.318314
35,0.194444,147.099670,67.760635,90.317070
36,0.200000,147.097336,67.762550,90.317467
37,0.205556,147.097610,67.763710,90.316315
38,0.211111,147.098373,67.762062,90.317932
39,0.216667,147.098984,67.760040,90.317772
40,0.222222,147.094940,67.760254,90.318718
41,0.227778,147.095566,67.762436,90.316391
42,0.233333,147.095367,67.760101,90.319038
43,0.238889,147.098328,67.764458,90.319016
44,0.244444,147.101669,67.764343,90.318398
45,0.250000,147.099533,67.764412,90.318184
46,0.255556,147.097672,67.767082,90.319481
47,0.261111,147.099030,67.763512,90.319923
48,0.266667,147.100540,67.768723,90.319038
49,0.272222,147.101242,67.765282,90.318748
50,0.277778,147.095917,67.768692,90.315826
51,0.283333,147.101105,67.766716,90.317223
52,0.288889,147.096146,67.765114,90.316742
53,0.294444,147.097961,67.762611,90.319183
54,0.300000,147.097702,67.764862,90.315239
55,0.305556,147.098679,67.766708,90.311874
56,0.311111,147.095901,67.766342,90.314255
57,0.316667,147.091599,67.766846,90.317978
58,0.322222,147.092239,67.765205,90.314957
59,0.327778,147.095337,67.764641,90.312645
60,0.333333,147.095261,67.762520,90.315086
61,0.338889,147.093414,67.763496,90.315178
62,0.344444,147.094238,67.763336,90.317383
63,0.350000,147.094147,67.765472,90.317253
64,0.355556,147.094788,67.764648,90.313248
65,0.361111,147.095093,67.763405,90.313446
66,0.366667,147.093063,67.763779,90.315842
67,0.372222,147.093338,67.765823,90.319633
68,0.377778,147.095856,67.763443,90.315971
69,0.383333,147.095413,67.766441,90.313347
70,0.388889,147.097977,67.765945,90.317657
71,0.394444,147.097946,67.768570,90.319313
72,0.400000,147.098480,67.768112,90.318481
73,0.405556,147.095901,67.769211,90.319160
74,0.411111,147.097702,67.765266,90.321037
75,0.416667,147.099686,67.768402,90.319374
76,0.422222,147.095947,67.769165,90.320816
77,0.427778,147.098251,67.769646,90.319809
78,0.433333,147.097275,67.770340,90.318275
79,0.438889,147.099319,67.764992,90.321732
80,0.444444,147.097336,67.770500,90.315666
81,0.450000,147.099335,67.769287,90.318321
82,0.455556,147.097565,67.767845,90.318611
83,0.461111,147.097015,67.766914,90.317108
84,0.466667,147.091370,67.766716,90.314720
85,0.472222,147.091232,67.767059,90.317909
86,0.477778,147.092667,67.766380,90.319069
87,0.483333,147.093231,67.770439,90.317238
88,0.488889,147.094543,67.767990,90.318520
89,0.494444,147.092270,67.769409,90.316345
90,0.500000,147.089645,67.770073,90.310570
91,0.505556,147.096069,67.770332,90.315865
92,0.511111,147.092072,67.770599,90.316299
93,0.516667,147.092880,67.771172,90.314522
94,0.522222,147.092590,67.770020,90.314926
95,0.527778,147.091095,67.770622,90.314819
96,0.533333,147.092575,67.770027,90.312851
97,0.538889,147.094345,67.770157,90.315353
98,0.544444,147.093567,67.770515,90.315346
99,0.550000,147.093567,67.770065,90.313881
100,0.555556,147.090515,67.764946,90.314629
101,0.561111,147.090714,67.769691,90.315140
102,0.566667,147.089752,67.770256,90.311829
103,0.572222,147.089355,67.769119,90.309479
104,0.577778,147.089966,67.768524,90.309174
105,0.583333,147.090363,67.773384,90.310417
106,0.588889,147.089478,67.767677,90.311157
107,0.594444,147.090256,67.766426,90.312683
108,0.600000,147.088089,67.768509,90.313675
109,0.605556,147.090210,67.767426,90.310631
110,0.611111,147.091995,67.766724,90.311615
111,0.616667,147.087341,67.769714,90.312195
112,0.622222,147.091339,67.769554,90.309952
113,0.627778,147.088684,67.762665,90.315491
114,0.633333,147.084976,67.766350,90.310020
115,0.638889,147.092941,67.765488,90.313873
116,0.644444,147.090927,67.765457,90.309998
117,0.650000,147.091080,67.766190,90.313049
118,0.655556,147.086777,67.767174,90.312569
119,0.661111,147.092468,67.765442,90.311966
120,0.666667,147.091614,67.765755,90.311821
121,0.672222,147.093140,67.767159,90.312347
122,0.677778,147.091507,67.767006,90.311684
123,0.683333,147.091827,67.768402,90.311882
124,0.688889,147.090897,67.766769,90.314461
125,0.694444,147.091995,67.764755,90.313118
126,0.700000,147.093430,67.768486,90.312782
127,0.705556,147.092331,67.764717,90.316383
128,0.711111,147.092072,67.768456,90.311966
129,0.716667,147.092911,67.766014,90.313820
130,0.722222,147.094833,67.766823,90.313072
131,0.727778,147.094284,67.764511,90.313812
132,0.733333,147.095886,67.764183,90.315872
133,0.738889,147.094299,67.764862,90.311531
134,0.744444,147.093018,67.766716,90.312218
135,0.750000,147.093872,67.763878,90.312798
136,0.755556,147.093140,67.764709,90.314934
137,0.761111,147.094147,67.762390,90.313873
138,0.766667,147.093567,67.761665,90.313072
139,0.772222,147.093338,67.763542,90.314194
140,0.777778,147.095978,67.765549,90.317299
141,0.783333,147.091553,67.764381,90.312912
142,0.788889,147.094971,67.765350,90.313332
143,0.794444,147.095749,67.763161,90.315338
144,0.800000,147.096909,67.763542,90.317810
145,0.805556,147.100952,67.761444,90.316284
146,0.811111,147.095383,67.764412,90.314125
147,0.816667,147.094757,67.764511,90.313301
148,0.822222,147.093140,67.763634,90.314568
149,0.827778,147.094452,67.763397,90.312210
150,0.833333,147.094681,67.760277,90.315804
151,0.838889,147.094162,67.764397,90.315643
152,0.844444,147.096359,67.763702,90.314186
153,0.850000,147.096756,67.763603,90.315804
154,0.855556,147.096313,67.763580,90.312744
155,0.861111,147.095276,67.762146,90.313713
156,0.866667,147.095688,67.762192,90.312996
157,0.872222,147.096786,67.761909,90.315804
158,0.877778,147.096573,67.764946,90.313843
159,0.883333,147.093521,67.760483,90.314491
160,0.888889,147.091675,67.762489,90.316010
161,0.894444,147.095734,67.760307,90.315605
162,0.900000,147.096054,67.762848,90.315392
163,0.905556,147.094986,67.760452,90.317429
164,0.911111,147.096863,67.761719,90.317062
165,0.916667,147.096146,67.763962,90.312790
166,0.922222,147.095352,67.758217,90.312225
167,0.927778,147.091522,67.759560,90.313797
168,0.933333,147.092529,67.762360,90.316330
169,0.938889,147.094574,67.760208,90.316597
170,0.944444,147.096924,67.761780,90.312233
171,0.950000,147.095673,67.761902,90.312378
172,0.955556,147.091599,67.759010,90.314857
173,0.961111,147.095993,67.760002,90.318520
174,0.966667,147.095535,67.762161,90.311554
175,0.972222,147.094238,67.760002,90.314026
176,0.977778,147.096222,67.760139,90.313431
177,0.983333,147.093246,67.761337,90.311539
178,0.988889,147.095200,67.759430,90.311745
179,0.994444,147.096390,67.759834,90.312103
180,1.000000,147.096329,67.757805,90.312691
181,1.005556,147.096832,67.758820,90.312050
182,1.011111,147.095291,67.758957,90.313210
183,1.016667,147.098679,67.757996,90.314369
184,1.022222,147.093506,67.759567,90.313286
185,1.027778,147.094635,67.758171,90.316811
186,1.033333,147.095047,67.759041,90.316513
187,1.038889,147.095108,67.758698,90.311501
188,1.044444,147.095673,67.757690,90.315155
189,1.050000,147.097183,67.756142,90.315460
190,1.055556,147.097504,67.758446,90.314125
191,1.061111,147.096725,67.759277,90.314400
192,1.066667,147.096542,67.761307,90.315514
193,1.072222,147.095596,67.762405,90.313271
194,1.077778,147.096573,67.763359,90.315132
195,1.083333,147.099030,67.763031,90.314392
196,1.088889,147.094406,67.764519,90.312927
197,1.094444,147.095993,67.764610,90.309662
198,1.100000,147.094223,67.765709,90.314415
199,1.105556,147.095795,67.765587,90.313377
200,1.111111,147.100266,67.766846,90.315437
201,1.116667,147.096725,67.766304,90.315163
202,1.122222,147.095352,67.767265,90.317413
203,1.127778,147.095230,67.767014,90.317528
204,1.133333,147.094894,67.765968,90.315163
205,1.138889,147.095993,67.768883,90.314781
206,1.144444,147.094696,67.770790,90.314888
207,1.150000,147.096039,67.769928,90.315857
208,1.155556,147.097900,67.767311,90.314095
209,1.161111,147.098160,67.769402,90.315933
210,1.166667,147.102966,67.767372,90.320290
211,1.172222,147.095917,67.772400,90.313393
212,1.177778,147.098312,67.771111,90.316772
213,1.183333,147.100220,67.770615,90.316551
214,1.188889,147.100662,67.770432,90.318275
215,1.194444,147.097687,67.772873,90.317657
216,1.200000,147.097763,67.772987,90.317825
217,1.205556,147.102127,67.769005,90.315628
218,1.211111,147.101212,67.772072,90.314049
219,1.216667,147.099701,67.772324,90.314224
220,1.222222,147.100662,67.769913,90.316315
221,1.227778,147.098953,67.770737,90.316238
222,1.233333,147.097076,67.770744,90.314087
223,1.238889,147.098145,67.768631,90.318962
224,1.244444,147.098969,67.766960,90.316452
225,1.250000,147.098892,67.770500,90.316818
226,1.255556,147.103516,67.766998,90.319244
227,1.261111,147.119873,67.778130,90.291954
228,1.266667,147.102219,67.771255,90.309219
229,1.272222,147.097610,67.763611,90.322021
230,1.277778,147.098145,67.763916,90.314873
231,1.283333,147.098434,67.765465,90.314255
232,1.288889,147.100250,67.765587,90.315063
233,1.294444,147.097412,67.763802,90.311539
234,1.300000,147.098007,67.767487,90.312912
235,1.305556,147.098709,67.761749,90.315376
236,1.311111,147.099655,67.761749,90.313866
237,1.316667,147.100037,67.762932,90.313286
238,1.322222,147.097183,67.765038,90.313629
239,1.327778,147.100250,67.762947,90.316078
240,1.333333,147.102966,67.763008,90.312561
241,1.338889,147.102097,67.762688,90.316826
242,1.344444,147.097488,67.761246,90.314499
243,1.350000,147.100388,67.761391,90.318413
244,1.355556,147.094574,67.762535,90.313736
245,1.361111,147.100784,67.762535,90.312805
246,1.366667,147.100479,67.764015,90.316406
247,1.372222,147.098938,67.762772,90.313614
248,1.377778,147.103088,67.764008,90.316986
249,1.383333,147.098679,67.762947,90.313896
250,1.388889,147.100922,67.762619,90.315605
251,1.394444,147.098328,67.761795,90.311623
252,1.400000,147.099213,67.760887,90.316345
253,1.405556,147.097809,67.760399,90.315628
254,1.411111,147.099899,67.763000,90.313332
255,1.416667,147.099838,67.760635,90.313362
256,1.422222,147.102203,67.764343,90.309937
257,1.427778,147.101242,67.761002,90.314499
258,1.433333,147.097900,67.761993,90.314400
259,1.438889,147.099716,67.763069,90.316017
260,1.444444,147.097717,67.760666,90.316971
261,1.450000,147.094589,67.761475,90.318336
262,1.455556,147.096268,67.764908,90.313118
263,1.461111,147.097534,67.761993,90.314957
264,1.466667,147.096909,67.764023,90.312645
265,1.472222,147.095261,67.764938,90.313019
266,1.477778,147.095856,67.761086,90.313377
267,1.483333,147.095764,67.760529,90.312767
268,1.488889,147.094650,67.764114,90.313850
269,1.494444,147.090973,67.763039,90.312668
270,1.500000,147.096832,67.761932,90.314835
271,1.505556,147.094330,67.763718,90.309769
272,1.511111,147.092606,67.763420,90.310814
273,1.516667,147.093140,67.760452,90.311844
274,1.522222,147.095337,67.762482,90.312065
275,1.527778,147.095993,67.763939,90.313309
276,1.533333,147.096466,67.762268,90.311241
277,1.538889,147.094101,67.761642,90.314568
278,1.544444,147.092529,67.764381,90.312569
279,1.550000,147.097382,67.761581,90.312119
280,1.555556,147.093658,67.764122,90.309471
281,1.561111,147.092987,67.763046,90.312889
282,1.566667,147.093765,67.763748,90.310791
283,1.572222,147.092667,67.762016,90.313744
284,1.577778,147.096191,67.766022,90.308037
285,1.583333,147.096329,67.764473,90.313271
286,1.588889,147.094772,67.761963,90.313103
287,1.594444,147.097000,67.760307,90.313744
288,1.600000,147.098297,67.760887,90.316963
289,1.605556,147.094650,67.762413,90.314072
290,1.611111,147.095657,67.763268,90.317368
291,1.616667,147.098892,67.764740,90.312706
292,1.622222,147.097839,67.763718,90.315590
293,1.627778,147.100128,67.760971,90.316551
294,1.633333,147.096085,67.762856,90.317482
295,1.638889,147.095245,67.760750,90.316315
296,1.644444,147.098404,67.761223,90.315292
297,1.650000,147.092606,67.762703,90.315590
298,1.655556,147.093765,67.763451,90.314690
299,1.661111,147.099472,67.762749,90.314072
300,1.666667,147.096176,67.761871,90.312866
301,1.672222,147.097382,67.761368,90.316391
302,1.677778,147.096207,67.761162,90.315811
303,1.683333,147.095688,67.764839,90.317192
304,1.688889,147.097412,67.762726,90.318054
305,1.694444,147.098022,67.760262,90.316711
306,1.700000,147.097122,67.765495,90.315430
307,1.705556,147.098404,67.763924,90.314331
308,1.711111,147.094574,67.763191,90.316261
309,1.716667,147.094238,67.764771,90.311264
310,1.722222,147.094330,67.763382,90.315285
311,1.727778,147.096725,67.763077,90.313751
312,1.733333,147.095505,67.763306,90.312317
313,1.738889,147.092422,67.766808,90.312973
314,1.744444,147.096024,67.763863,90.315758
315,1.750000,147.095413,67.764236,90.316696
316,1.755556,147.094803,67.765717,90.316910
317,1.761111,147.095291,67.765060,90.311363
318,1.766667,147.094559,67.762451,90.315147
319,1.772222,147.097443,67.764519,90.315338
320,1.777778,147.096695,67.763611,90.314957
321,1.783333,147.098328,67.762947,90.316666
322,1.788889,147.096619,67.764626,90.314873
323,1.794444,147.098572,67.761375,90.317238
324,1.800000,147.097244,67.761024,90.318665
325,1.805556,147.096603,67.764915,90.315651
326,1.811111,147.096680,67.764656,90.317711
327,1.816667,147.091980,67.762756,90.317337
328,1.822222,147.095215,67.762779,90.318062
329,1.827778,147.096863,67.761803,90.315201
330,1.833333,147.097855,67.764015,90.315880
331,1.838889,147.094772,67.763367,90.316551
332,1.844444,147.097244,67.762680,90.316116
333,1.850000,147.092163,67.765923,90.314049
334,1.855556,147.094818,67.765030,90.316124
335,1.861111,147.095169,67.764122,90.312660
336,1.866667,147.095703,67.762772,90.317757
337,1.872222,147.096954,67.764816,90.318977
338,1.877778,147.097870,67.767075,90.316124
339,1.883333,147.096695,67.764572,90.315750
340,1.888889,147.097580,67.764122,90.315170
341,1.894444,147.093948,67.761375,90.315857
342,1.900000,147.092422,67.760086,90.315453
343,1.905556,147.093002,67.763062,90.314507
344,1.911111,147.093445,67.764137,90.317665
345,1.916667,147.094452,67.761887,90.318947
346,1.922222,147.096176,67.762215,90.318199
347,1.927778,147.095322,67.764549,90.316277
348,1.933333,147.095108,67.760498,90.315796
349,1.938889,147.095795,67.761559,90.317886
350,1.944444,147.092499,67.764565,90.315361
351,1.950000,147.095474,67.765282,90.315598
352,1.955556,147.096985,67.764854,90.315498
353,1.961111,147.094269,67.761932,90.314835
354,1.966667,147.097336,67.762032,90.318817
355,1.972222,147.094406,67.764397,90.317856
356,1.977778,147.094147,67.763107,90.315437
357,1.983333,147.096313,67.764618,90.314880
358,1.988889,147.096527,67.761940,90.313065
359,1.994444,147.095490,67.762192,90.315086
360,2.000000,147.096664,67.760757,90.314705
361,2.005556,147.096085,67.761757,90.315102
362,2.011111,147.099152,67.762489,90.312180
363,2.016667,147.093384,67.766220,90.312210
364,2.022222,147.097290,67.763786,90.312729
365,2.027778,147.097717,67.761482,90.317085
366,2.033333,147.096512,67.760292,90.316795
367,2.038889,147.097107,67.764313,90.309608
368,2.044444,147.098083,67.762177,90.312386
369,2.050000,147.095367,67.760765,90.309822
370,2.055556,147.096268,67.761055,90.309959
371,2.061111,147.095123,67.759392,90.311165
372,2.066667,147.098572,67.760307,90.314407
373,2.072222,147.099686,67.762955,90.313133
374,2.077778,147.098450,67.761589,90.311539
375,2.083333,147.098938,67.761261,90.309959
376,2.088889,147.098618,67.762215,90.309418
377,2.094444,147.096466,67.760315,90.306656
378,2.100000,147.097244,67.760841,90.308853
379,2.105556,147.117264,67.773727,90.280846
380,2.111111,147.118317,67.773582,90.283142
381,2.116667,147.100220,67.761284,90.302414
382,2.122222,147.116928,67.773102,90.282898
383,2.127778,147.100861,67.761856,90.301239
384,2.133333,147.102081,67.761078,90.310760
385,2.138889,147.120605,67.772667,90.281418
386,2.144444,147.103470,67.762779,90.302277
387,2.150000,147.097763,67.761627,90.308861
388,2.155556,147.118851,67.775208,90.282249
389,2.161111,147.100906,67.764099,90.304100
390,2.166667,147.121765,67.774475,90.284058
391,2.172222,147.102463,67.764038,90.301628
392,2.177778,147.101120,67.760338,90.308060
393,2.183333,147.098526,67.760139,90.302849
394,2.188889,147.102463,67.764839,90.303299
395,2.194444,147.120407,67.772903,90.284439
396,2.200000,147.123947,67.775238,90.282936
397,2.205556,147.100723,67.765648,90.303551
398,2.211111,147.094467,67.764259,90.303619
399,2.216667,147.099319,67.760803,90.307098
400,2.222222,147.101089,67.763000,90.306168
401,2.227778,147.120636,67.773911,90.278343
402,2.233333,147.102585,67.762215,90.303596
403,2.238889,147.098801,67.761307,90.309189
404,2.244444,147.098770,67.762383,90.309334
405,2.250000,147.100586,67.762329,90.307480
406,2.255556,147.100189,67.764374,90.306160
407,2.261111,147.096878,67.762497,90.306648
408,2.266667,147.101318,67.764275,90.307381
409,2.272222,147.119705,67.773026,90.284554
410,2.277778,147.102768,67.762985,90.305664
411,2.283333,147.097046,67.765533,90.306961
412,2.288889,147.100128,67.761848,90.307503
413,2.294444,147.101303,67.763084,90.309235
414,2.300000,147.098816,67.760246,90.309326
415,2.305556,147.099380,67.761887,90.310478
416,2.311111,147.097427,67.765625,90.307007
417,2.316667,147.097321,67.764709,90.305817
418,2.322222,147.100647,67.765511,90.306892
419,2.327778,147.098923,67.765953,90.307793
420,2.333333,147.102661,67.763809,90.312866
421,2.338889,147.104065,67.763138,90.314644
422,2.344444,147.102524,67.765106,90.313698
423,2.350000,147.099640,67.765396,90.309868
424,2.355556,147.102051,67.763992,90.311607
425,2.361111,147.095703,67.767303,90.309669
426,2.366667,147.096634,67.769043,90.310440
427,2.372222,147.100128,67.764160,90.308777
428,2.377778,147.098969,67.764442,90.311546
429,2.383333,147.100204,67.763168,90.310989
430,2.388889,147.100952,67.761642,90.313034
431,2.394444,147.100494,67.764557,90.314682
432,2.400000,147.102524,67.762375,90.311440
433,2.405556,147.096756,67.763710,90.311150
434,2.411111,147.097595,67.762505,90.308281
435,2.416667,147.101181,67.761261,90.313377
436,2.422222,147.099701,67.762444,90.312851
437,2.427778,147.097031,67.764618,90.309845
438,2.433333,147.096695,67.764771,90.308754
439,2.438889,147.099548,67.760849,90.312576
440,2.444444,147.100967,67.763939,90.314964
441,2.450000,147.095276,67.763992,90.312042
442,2.455556,147.099304,67.762703,90.312393
443,2.461111,147.098969,67.762047,90.312424
444,2.466667,147.099533,67.762962,90.313576
445,2.472222,147.101624,67.762894,90.315002
446,2.477778,147.098923,67.763611,90.312767
447,2.483333,147.100540,67.762535,90.315849
448,2.488889,147.095642,67.763931,90.311729
449,2.494444,147.100769,67.762337,90.313263
450,2.500000,147.097626,67.766167,90.312637
451,2.505556,147.100937,67.762138,90.316940
452,2.511111,147.119904,67.774452,90.291542
453,2.516667,147.100204,67.766266,90.309837
454,2.522222,147.098236,67.764671,90.317093
455,2.527778,147.099335,67.762413,90.318878
456,2.533333,147.098343,67.762093,90.315414
457,2.538889,147.098892,67.764153,90.315903
458,2.544444,147.101044,67.765961,90.314117
459,2.550000,147.101913,67.764961,90.317093
460,2.555556,147.099808,67.764801,90.316238
461,2.561111,147.098526,67.764687,90.314178
462,2.566667,147.099884,67.765480,90.316109
463,2.572222,147.102051,67.764008,90.318108
464,2.577778,147.098373,67.766403,90.316254
465,2.583333,147.101044,67.763016,90.316704
466,2.588889,147.098938,67.762672,90.316536
467,2.594444,147.103363,67.765350,90.316559
468,2.600000,147.102493,67.765335,90.316238
469,2.605556,147.100449,67.765816,90.317177
470,2.611111,147.099167,67.764755,90.315392
471,2.616667,147.098450,67.766098,90.315750
472,2.622222,147.096313,67.763687,90.314949
473,2.627778,147.099152,67.763771,90.316895
474,2.633333,147.100616,67.763954,90.319931
475,2.638889,147.100449,67.763046,90.317726
476,2.644444,147.099640,67.767609,90.313599
477,2.650000,147.101700,67.764381,90.315002
478,2.655556,147.098282,67.764351,90.313957
479,2.661111,147.095016,67.766556,90.313950
480,2.666667,147.096130,67.763626,90.315414
481,2.672222,147.099457,67.762718,90.318588
482,2.677778,147.098068,67.765228,90.313049
483,2.683333,147.096115,67.764816,90.319458
484,2.688889,147.100937,67.766441,90.318924
485,2.694444,147.100891,67.765007,90.316582
486,2.700000,147.099243,67.768723,90.315079
487,2.705556,147.100937,67.764473,90.316360
488,2.711111,147.096710,67.764801,90.315819
489,2.716667,147.097260,67.765610,90.315735
490,2.722222,147.099533,67.764610,90.317078
491,2.727778,147.097763,67.769096,90.313438
492,2.733333,147.097839,67.763229,90.316055
493,2.738889,147.101212,67.766914,90.314865
494,2.744444,147.097168,67.764771,90.315979
495,2.750000,147.098251,67.765015,90.313637
496,2.755556,147.099792,67.763725,90.313683
497,2.761111,147.095047,67.765106,90.317497
498,2.766667,147.096985,67.763573,90.313484
499,2.772222,147.098877,67.763489,90.315155
500,2.777778,147.096634,67.765961,90.314316
501,2.783333,147.095535,67.764740,90.316696
502,2.788889,147.097214,67.763496,90.317177
503,2.794444,147.100433,67.761536,90.315468
504,2.800000,147.098969,67.765045,90.314140
505,2.805556,147.099487,67.766006,90.314079
506,2.811111,147.098495,67.761726,90.315697
507,2.816667,147.095383,67.764023,90.312859
508,2.822222,147.098083,67.767075,90.313522
509,2.827778,147.096756,67.762749,90.313507
510,2.833333,147.098663,67.765678,90.315750
511,2.838889,147.097015,67.765800,90.313438
512,2.844444,147.098984,67.761742,90.318413
513,2.850000,147.102036,67.765800,90.316299
514,2.855556,147.102081,67.764877,90.314774
515,2.861111,147.096039,67.763512,90.313011
516,2.866667,147.097946,67.764900,90.312469
517,2.872222,147.096252,67.765274,90.311279
518,2.877778,147.099442,67.764580,90.314796
519,2.883333,147.102234,67.763763,90.313560
520,2.888889,147.097687,67.766762,90.313324
521,2.894444,147.101440,67.763947,90.314522
522,2.900000,147.098251,67.763969,90.312744
523,2.905556,147.099792,67.765579,90.314659
524,2.911111,147.101364,67.764610,90.312431
525,2.916667,147.098572,67.765984,90.315941
526,2.922222,147.098038,67.766251,90.317123
527,2.927778,147.101837,67.765137,90.317101
528,2.933333,147.120163,67.775124,90.290047
529,2.938889,147.101868,67.766014,90.311615
530,2.944444,147.099030,67.765839,90.316185
531,2.950000,147.100250,67.762543,90.319199
532,2.955556,147.098877,67.762772,90.314896
533,2.961111,147.102631,67.762321,90.314606
534,2.966667,147.098846,67.765526,90.313766
535,2.972222,147.102097,67.766495,90.315758
536,2.977778,147.099426,67.763283,90.315514
537,2.983333,147.096558,67.763596,90.316925
538,2.988889,147.100708,67.765205,90.316330
539,2.994444,147.101486,67.763168,90.315918
540,3.000000,147.101440,67.763702,90.315498
541,3.005556,147.097961,67.766281,90.313034
542,3.011111,147.098267,67.764511,90.316681
543,3.016667,147.103302,67.763824,90.317390
544,3.022222,147.100037,67.763199,90.316002
545,3.027778,147.096191,67.765556,90.314537
546,3.033333,147.101273,67.762711,90.316399
547,3.038889,147.097137,67.762581,90.320702
548,3.044444,147.095963,67.763405,90.316505
549,3.050000,147.096313,67.761810,90.317566
550,3.055556,147.101868,67.760178,90.318390
551,3.061111,147.100906,67.761185,90.313972
552,3.066667,147.099197,67.760277,90.320099
553,3.072222,147.097839,67.760567,90.316513
554,3.077778,147.100998,67.761406,90.318436
555,3.083333,147.098312,67.763214,90.316933
556,3.088889,147.097305,67.761246,90.313683
557,3.094444,147.102081,67.761803,90.313942
558,3.100000,147.100906,67.765205,90.313629
559,3.105556,147.100052,67.762993,90.311134
560,3.111111,147.097122,67.764359,90.314346
561,3.116667,147.101990,67.763863,90.313278
562,3.122222,147.101257,67.763115,90.317085
563,3.127778,147.099548,67.764778,90.315025
564,3.133333,147.098343,67.766212,90.313271
565,3.138889,147.095428,67.762001,90.314262
566,3.144444,147.101898,67.761574,90.315590
567,3.150000,147.097916,67.763657,90.315361
568,3.155556,147.102448,67.762680,90.316704
569,3.161111,147.102783,67.762238,90.318558
570,3.166667,147.097916,67.763596,90.314140
571,3.172222,147.099335,67.764748,90.313652
572,3.177778,147.119965,67.771957,90.290062
573,3.183333,147.102234,67.763123,90.313591
574,3.188889,147.095764,67.761421,90.320343
575,3.194444,147.100128,67.764923,90.314842
576,3.200000,147.098862,67.763954,90.314842
577,3.205556,147.098648,67.765282,90.314270
578,3.211111,147.100006,67.763145,90.317947
579,3.216667,147.100006,67.763397,90.314453
580,3.222222,147.100967,67.762848,90.316757
581,3.227778,147.097458,67.765930,90.315292
582,3.233333,147.097504,67.767578,90.314857
583,3.238889,147.097153,67.764877,90.313797
584,3.244444,147.099319,67.763626,90.317337
585,3.250000,147.100449,67.763832,90.313301
586,3.255556,147.100769,67.765945,90.317818
587,3.261111,147.100479,67.763428,90.319168
588,3.266667,147.102493,67.763191,90.316544
589,3.272222,147.101700,67.763939,90.316078
590,3.277778,147.098312,67.764153,90.312866
591,3.283333,147.099045,67.762184,90.316444
592,3.288889,147.099686,67.763100,90.317932
593,3.294444,147.097855,67.763794,90.317215
594,3.300000,147.099701,67.764084,90.314735
595,3.305556,147.101608,67.761421,90.316429
596,3.311111,147.101532,67.760101,90.317169
597,3.316667,147.101868,67.759598,90.316513
598,3.322222,147.098785,67.759354,90.317680
599,3.327778,147.100479,67.758141,90.317581
600,3.333333,147.099228,67.754745,90.316391
601,3.338889,147.096436,67.759933,90.312843
602,3.344444,147.099762,67.762894,90.314163
603,3.350000,147.100632,67.759056,90.314705
604,3.355556,147.101837,67.761322,90.314301
605,3.361111,147.097809,67.761009,90.315491
606,3.366667,147.101379,67.763412,90.316177
607,3.372222,147.098419,67.761696,90.314209
608,3.377778,147.100525,67.761360,90.314842
609,3.383333,147.096069,67.759560,90.315117
610,3.388889,147.096283,67.764473,90.311523
611,3.394444,147.096176,67.765144,90.312538
612,3.400000,147.096786,67.762665,90.316544
613,3.405556,147.099075,67.761223,90.314758
614,3.411111,147.097122,67.762665,90.315674
615,3.416667,147.099716,67.763512,90.313232
616,3.422222,147.098114,67.763474,90.316025
617,3.427778,147.097046,67.763916,90.314659
618,3.433333,147.100418,67.760918,90.319397
619,3.438889,147.096420,67.762871,90.313011
620,3.444444,147.098999,67.764175,90.311058
621,3.450000,147.099991,67.764633,90.314217
622,3.455556,147.099167,67.761795,90.315170
623,3.461111,147.102234,67.764183,90.315735
624,3.466667,147.099609,67.762169,90.316032
625,3.472222,147.098724,67.763298,90.311523
626,3.477778,147.095978,67.763214,90.313118
627,3.483333,147.099518,67.764137,90.314079
628,3.488889,147.099258,67.765282,90.313210
629,3.494444,147.095596,67.763893,90.314232
630,3.500000,147.097137,67.762337,90.316116
631,3.505556,147.100281,67.761665,90.316856
632,3.511111,147.101074,67.763977,90.315369
633,3.516667,147.098450,67.763168,90.315910
634,3.522222,147.101944,67.763695,90.315529
635,3.527778,147.097076,67.763138,90.315208
636,3.533333,147.102219,67.766403,90.316292
637,3.538889,147.102692,67.762772,90.316238
638,3.544444,147.099411,67.764694,90.316925
639,3.550000,147.100922,67.764435,90.316368
640,3.555556,147.098495,67.764618,90.313667
641,3.561111,147.102814,67.764610,90.315933
642,3.566667,147.099472,67.764030,90.316269
643,3.572222,147.097809,67.763771,90.315811
644,3.577778,147.098831,67.763496,90.313965
645,3.583333,147.096146,67.764069,90.315147
646,3.588889,147.101318,67.765404,90.318321
647,3.594444,147.099152,67.764099,90.315582
648,3.600000,147.101379,67.764381,90.315186
649,3.605556,147.099792,67.763573,90.314880
650,3.611111,147.098740,67.763901,90.314003
651,3.616667,147.101044,67.759727,90.314522
652,3.622222,147.098221,67.763046,90.315903
653,3.627778,147.096924,67.762154,90.315338
654,3.633333,147.095917,67.766396,90.311310
655,3.638889,147.096527,67.764938,90.313484
656,3.644444,147.096161,67.765472,90.313713
657,3.650000,147.101273,67.764587,90.316017
658,3.655556,147.096542,67.764275,90.312637
659,3.661111,147.097443,67.762894,90.318405
660,3.666667,147.100067,67.763527,90.316681
661,3.672222,147.100967,67.761986,90.315323
662,3.677778,147.101837,67.762207,90.318741
663,3.683333,147.100052,67.765320,90.312279
664,3.688889,147.097595,67.762527,90.315361
665,3.694444,147.098862,67.764015,90.312576
666,3.700000,147.104141,67.763168,90.314789
667,3.705556,147.098938,67.764435,90.314217
668,3.711111,147.099289,67.768333,90.313118
669,3.716667,147.097015,67.765526,90.315186
670,3.722222,147.099075,67.765083,90.317406
671,3.727778,147.099915,67.762367,90.320335
672,3.733333,147.095459,67.763817,90.318344
673,3.738889,147.100357,67.763725,90.316261
674,3.744444,147.100632,67.764572,90.312363
675,3.750000,147.101746,67.764000,90.316116
676,3.755556,147.097458,67.764565,90.316498
677,3.761111,147.101013,67.762665,90.314697
678,3.766667,147.101578,67.763260,90.317360
679,3.772222,147.103699,67.764755,90.318039
680,3.777778,147.102310,67.765961,90.319412
681,3.783333,147.099640,67.763641,90.317337
682,3.788889,147.101334,67.765076,90.316582
683,3.794444,147.099701,67.764847,90.315048
684,3.800000,147.099640,67.767128,90.316322
685,3.805556,147.098450,67.767448,90.315025
686,3.811111,147.094269,67.767166,90.314407
687,3.816667,147.098831,67.766106,90.313103
688,3.822222,147.101395,67.762955,90.313217
689,3.827778,147.097046,67.763908,90.315674
690,3.833333,147.098831,67.768143,90.315193
691,3.838889,147.098831,67.765884,90.316185
692,3.844444,147.097534,67.768158,90.313408
693,3.850000,147.095581,67.769310,90.310539
694,3.855556,147.097015,67.766830,90.311699
695,3.861111,147.101532,67.765594,90.318016
696,3.866667,147.100052,67.769157,90.313972
697,3.872222,147.097488,67.763901,90.315056
698,3.877778,147.103928,67.768509,90.314919
699,3.883333,147.101028,67.766663,90.314873
700,3.888889,147.098648,67.763962,90.316963
701,3.894444,147.103043,67.767593,90.313560
702,3.900000,147.101288,67.762955,90.316635
703,3.905556,147.100266,67.764931,90.314766
704,3.911111,147.101456,67.763206,90.318069
705,3.916667,147.102509,67.765228,90.313751
706,3.922222,147.102127,67.763107,90.313110
707,3.927778,147.103897,67.765182,90.314873
708,3.933333,147.102905,67.762794,90.314400
709,3.938889,147.102707,67.766525,90.316185
710,3.944444,147.100800,67.761795,90.313461
711,3.950000,147.103806,67.764244,90.317833
712,3.955556,147.102356,67.764809,90.317886
713,3.961111,147.101624,67.764984,90.313354
714,3.966667,147.102951,67.762695,90.315155
715,3.972222,147.100677,67.763535,90.314171
716,3.977778,147.100464,67.761253,90.314873
717,3.983333,147.102631,67.761177,90.311852
718,3.988889,147.102509,67.760460,90.314339
719,3.994444,147.098358,67.760536,90.314262
720,4.000000,147.098953,67.762115,90.312172
721,4.005556,147.096878,67.765701,90.308052
722,4.011111,147.099182,67.758980,90.311241
723,4.016667,147.098816,67.761215,90.309982
724,4.022222,147.102951,67.764267,90.311745
725,4.027778,147.099213,67.762215,90.310692
726,4.033333,147.097473,67.760437,90.309654
727,4.038889,147.097733,67.762589,90.312012
728,4.044444,147.099823,67.761986,90.316505
729,4.050000,147.098862,67.763199,90.311310
730,4.055556,147.096832,67.763863,90.310295
731,4.061111,147.095566,67.762917,90.310081
732,4.066667,147.100204,67.761040,90.314186
733,4.072222,147.101898,67.763237,90.313583
734,4.077778,147.100189,67.759666,90.311844
735,4.083333,147.097534,67.758255,90.312759
736,4.088889,147.096741,67.763168,90.314445
737,4.094444,147.096100,67.766060,90.311417
738,4.100000,147.101273,67.764214,90.312012
739,4.105556,147.101685,67.761856,90.314934
740,4.111111,147.099625,67.761536,90.313721
741,4.116667,147.094604,67.763153,90.310257
742,4.122222,147.097916,67.763214,90.311241
743,4.127778,147.098450,67.762138,90.311508
744,4.133333,147.099182,67.760155,90.313782
745,4.138889,147.097702,67.761559,90.313171
746,4.144444,147.096558,67.765198,90.307686
747,4.150000,147.099991,67.762909,90.312149
748,4.155556,147.098236,67.761703,90.312996
749,4.161111,147.100693,67.763054,90.311752
750,4.166667,147.098602,67.763336,90.313560
751,4.172222,147.100479,67.762024,90.312195
752,4.177778,147.098297,67.764229,90.311478
753,4.183333,147.098221,67.762917,90.313667
754,4.188889,147.097168,67.760330,90.312355
755,4.194444,147.096649,67.763985,90.313599
756,4.200000,147.096039,67.762459,90.314392
757,4.205556,147.098099,67.763214,90.311951
758,4.211111,147.100891,67.763985,90.313019
759,4.216667,147.096863,67.763969,90.313461
760,4.222222,147.098465,67.766029,90.311493
761,4.227778,147.100143,67.764595,90.312149
762,4.233333,147.098618,67.765114,90.311447
763,4.238889,147.100052,67.763420,90.311493
764,4.244444,147.098892,67.764526,90.312241
765,4.250000,147.098877,67.764824,90.312187
766,4.255556,147.097473,67.765457,90.313194
767,4.261111,147.097778,67.765625,90.314484
768,4.266667,147.099197,67.767036,90.314468
769,4.272222,147.098282,67.763199,90.313301
770,4.277778,147.102097,67.762474,90.313972
771,4.283333,147.098328,67.764648,90.316086
772,4.288889,147.099014,67.765297,90.315285
773,4.294444,147.097244,67.762505,90.312897
774,4.300000,147.098068,67.768066,90.311646
775,4.305556,147.099319,67.766029,90.316307
776,4.311111,147.097946,67.764450,90.312439
777,4.316667,147.098495,67.764145,90.313164
778,4.322222,147.096436,67.765686,90.314461
779,4.327778,147.097504,67.761200,90.315208
780,4.333333,147.097198,67.764046,90.316147
781,4.338889,147.100815,67.764015,90.316368
782,4.344444,147.097412,67.765450,90.309860
783,4.350000,147.099762,67.763321,90.312721
784,4.355556,147.096054,67.763786,90.310120
785,4.361111,147.097260,67.763153,90.311592
786,4.366667,147.097305,67.761795,90.314400
787,4.372222,147.096313,67.763786,90.316208
788,4.377778,147.097137,67.763229,90.313377
789,4.383333,147.095673,67.760590,90.313263
790,4.388889,147.092697,67.764977,90.312996
791,4.394444,147.094299,67.760925,90.315132
792,4.400000,147.092072,67.761284,90.316757
793,4.405556,147.095917,67.760735,90.316643
794,4.411111,147.096954,67.760056,90.314232
795,4.416667,147.095139,67.760475,90.309982
796,4.422222,147.096512,67.762032,90.313171
797,4.427778,147.098862,67.761719,90.312424
798,4.433333,147.095200,67.759232,90.313614
799,4.438889,147.093781,67.761650,90.314255
800,4.444444,147.091080,67.760612,90.313812
801,4.450000,147.096130,67.761772,90.313263
802,4.455556,147.094086,67.765137,90.312225
803,4.461111,147.095642,67.764732,90.312080
804,4.466667,147.095779,67.762657,90.318077
805,4.472222,147.097885,67.760620,90.314224
806,4.477778,147.094681,67.764954,90.312904
807,4.483333,147.096573,67.760605,90.315323
808,4.488889,147.096451,67.761559,90.312584
809,4.494444,147.094666,67.761932,90.312302
810,4.500000,147.097733,67.760872,90.314857
811,4.505556,147.096878,67.763786,90.315079
812,4.511111,147.097076,67.762306,90.313805
813,4.516667,147.096329,67.762390,90.313126
814,4.522222,147.096344,67.764107,90.313980
815,4.527778,147.098785,67.766396,90.313210
816,4.533333,147.096985,67.763222,90.313362
817,4.538889,147.097610,67.762749,90.314529
818,4.544444,147.096222,67.762527,90.312874
819,4.550000,147.098465,67.762520,90.316299
820,4.555556,147.097656,67.762215,90.310646
821,4.561111,147.098068,67.764481,90.314445
822,4.566667,147.096268,67.762352,90.313797
823,4.572222,147.095825,67.762482,90.315834
824,4.577778,147.097244,67.765381,90.312561
825,4.583333,147.097412,67.763878,90.315193
826,4.588889,147.099487,67.763664,90.313690
827,4.594444,147.099274,67.758827,90.313271
828,4.600000,147.097870,67.765480,90.313560
829,4.605556,147.098526,67.762657,90.312363
830,4.611111,147.095505,67.762192,90.311699
831,4.616667,147.096115,67.764595,90.312477
832,4.622222,147.096436,67.762085,90.313103
833,4.627778,147.096130,67.759781,90.311996
834,4.633333,147.097977,67.764809,90.313766
835,4.638889,147.097717,67.761681,90.315155
836,4.644444,147.099197,67.765182,90.312973
837,4.650000,147.096481,67.763664,90.314507
838,4.655556,147.093933,67.763054,90.311165
839,4.661111,147.096878,67.761322,90.313423
840,4.666667,147.095215,67.764290,90.312820
841,4.672222,147.098709,67.764488,90.313492
842,4.677778,147.096481,67.764252,90.313248
843,4.683333,147.094696,67.763123,90.314491
844,4.688889,147.094254,67.765862,90.311020
845,4.694444,147.098404,67.760208,90.311615
846,4.700000,147.097672,67.764755,90.313301
847,4.705556,147.095123,67.763084,90.313042
848,4.711111,147.098404,67.764320,90.315407
849,4.716667,147.098877,67.763863,90.314392
850,4.722222,147.095566,67.766685,90.310631
851,4.727778,147.098602,67.762558,90.315193
852,4.733333,147.097778,67.762901,90.312920
853,4.738889,147.097946,67.763672,90.314156
854,4.744444,147.099487,67.763603,90.315147
855,4.750000,147.100540,67.761917,90.313812
856,4.755556,147.099304,67.761581,90.313660
857,4.761111,147.098221,67.761650,90.315819
858,4.766667,147.099686,67.759598,90.315331
859,4.772222,147.100571,67.762260,90.314445
860,4.777778,147.097397,67.761261,90.313332
861,4.783333,147.096664,67.760277,90.316948
862,4.788889,147.097824,67.762688,90.313858
863,4.794444,147.099289,67.762810,90.314789
864,4.800000,147.100235,67.763016,90.315041
865,4.805556,147.097397,67.764290,90.314140
866,4.811111,147.098663,67.761345,90.315002
867,4.816667,147.099365,67.761543,90.312401
868,4.822222,147.097107,67.762718,90.313782
869,4.827778,147.097061,67.761772,90.315346
870,4.833333,147.098801,67.760132,90.315247
871,4.838889,147.097839,67.764709,90.312927
872,4.844444,147.097839,67.761208,90.316574
873,4.850000,147.099762,67.759079,90.315331
874,4.855556,147.098022,67.762459,90.312386
875,4.861111,147.095978,67.761467,90.315651
876,4.866667,147.097733,67.765327,90.313545
877,4.872222,147.098099,67.762741,90.317200
878,4.877778,147.096176,67.766319,90.314270
879,4.883333,147.098755,67.762329,90.312920
880,4.888889,147.099228,67.762726,90.316978
881,4.894444,147.100235,67.761673,90.317329
882,4.900000,147.099258,67.762573,90.315514
883,4.905556,147.099045,67.762749,90.314941
884,4.911111,147.096222,67.762856,90.311897
885,4.916667,147.099945,67.763809,90.315453
886,4.922222,147.098251,67.760078,90.316452
887,4.927778,147.100632,67.760788,90.313919
888,4.933333,147.100464,67.762474,90.317139
889,4.938889,147.100739,67.761131,90.313728
890,4.944444,147.103790,67.760529,90.318520
891,4.950000,147.097839,67.762512,90.315506
892,4.955556,147.101257,67.762802,90.316040
893,4.961111,147.098053,67.762459,90.316109
894,4.966667,147.097885,67.761337,90.315941
895,4.972222,147.095596,67.759346,90.315842
896,4.977778,147.098465,67.761093,90.314346
897,4.983333,147.100479,67.762253,90.316864
898,4.988889,147.101135,67.760315,90.317352
899,4.994444,147.099838,67.759544,90.320274
900,5.000000,147.095810,67.761436,90.317551
901,5.005556,147.098694,67.762901,90.316864
902,5.011111,147.099228,67.762146,90.315338
903,5.016667,147.099899,67.761978,90.316597
904,5.022222,147.098618,67.761810,90.316803
905,5.027778,147.099091,67.761337,90.316711
906,5.033333,147.099792,67.761497,90.313522
907,5.038889,147.098709,67.760643,90.313751
908,5.044444,147.099152,67.759651,90.319191
909,5.050000,147.102676,67.763145,90.317596
910,5.055556,147.096130,67.761345,90.316376
911,5.061111,147.097458,67.762276,90.317665
912,5.066667,147.100418,67.761612,90.315361
913,5.072222,147.101578,67.760513,90.317657
914,5.077778,147.101212,67.759521,90.313927
915,5.083333,147.100479,67.761391,90.316612
916,5.088889,147.099457,67.762283,90.317619
917,5.094444,147.103622,67.762344,90.316200
918,5.100000,147.102661,67.759521,90.315697
919,5.105556,147.098236,67.760773,90.317833
920,5.111111,147.096695,67.759445,90.318565
921,5.116667,147.100998,67.759995,90.315468
922,5.122222,147.098312,67.759743,90.316483
923,5.127778,147.099594,67.760338,90.316910
924,5.133333,147.098755,67.759888,90.316284
925,5.138889,147.098541,67.757935,90.317001
926,5.144444,147.096878,67.759796,90.316620
927,5.150000,147.101013,67.759171,90.316978
928,5.155556,147.098801,67.760704,90.315826
929,5.161111,147.100769,67.760956,90.318314
930,5.166667,147.101929,67.759232,90.315620
931,5.172222,147.098969,67.760330,90.315361
932,5.177778,147.095886,67.761467,90.314827
933,5.183333,147.101364,67.757019,90.315659
934,5.188889,147.100128,67.760246,90.315559
935,5.194444,147.099823,67.758644,90.316261
936,5.200000,147.098724,67.760818,90.315674
937,5.205556,147.101196,67.762558,90.314278
938,5.211111,147.101410,67.757492,90.314499
939,5.216667,147.100143,67.759270,90.318405
940,5.222222,147.099503,67.759621,90.318771
941,5.227778,147.101578,67.758636,90.314049
942,5.233333,147.101105,67.760880,90.314980
943,5.238889,147.100830,67.759308,90.314941
944,5.244444,147.102219,67.759743,90.317917
945,5.250000,147.101257,67.755310,90.317657
946,5.255556,147.101547,67.759834,90.316299
947,5.261111,147.100449,67.757957,90.314743
948,5.266667,147.103363,67.757812,90.314720
949,5.272222,147.101578,67.759033,90.315475
950,5.277778,147.100372,67.762131,90.315582
951,5.283333,147.102310,67.758858,90.318237
952,5.288889,147.101715,67.756973,90.317993
953,5.294444,147.102020,67.762535,90.315002
954,5.300000,147.102356,67.760323,90.314217
955,5.305556,147.102081,67.756737,90.313835
956,5.311111,147.103516,67.760590,90.316277
957,5.316667,147.103928,67.761223,90.313278
958,5.322222,147.101059,67.761093,90.313362
959,5.327778,147.101364,67.756187,90.316124
960,5.333333,147.119827,67.769974,90.289276
961,5.338889,147.102982,67.762871,90.310448
962,5.344444,147.101379,67.759399,90.316780
963,5.350000,147.102371,67.759117,90.318245
964,5.355556,147.099869,67.760704,90.315781
965,5.361111,147.099945,67.757774,90.314873
966,5.366667,147.098053,67.761856,90.313835
967,5.372222,147.098999,67.762207,90.315590
968,5.377778,147.100708,67.763153,90.315338
969,5.383333,147.101440,67.762283,90.317223
970,5.388889,147.098282,67.762337,90.313423
971,5.394444,147.101685,67.760353,90.321266
972,5.400000,147.100677,67.766083,90.316727
973,5.405556,147.101639,67.761269,90.317368
974,5.411111,147.097778,67.761986,90.316338
975,5.416667,147.097061,67.763260,90.313873
976,5.422222,147.099792,67.760460,90.314659
977,5.427778,147.098831,67.760345,90.314232
978,5.433333,147.099838,67.761658,90.315018
979,5.438889,147.099289,67.762970,90.314087
980,5.444444,147.101089,67.760750,90.315323
981,5.450000,147.101593,67.759590,90.315430
982,5.455556,147.098923,67.759422,90.312798
983,5.461111,147.097717,67.759453,90.314194
984,5.466667,147.096985,67.761139,90.313454
985,5.472222,147.097412,67.762535,90.313416
986,5.477778,147.097900,67.763168,90.316689
987,5.483333,147.095886,67.761467,90.316940
988,5.488889,147.094345,67.762512,90.314323
989,5.494444,147.098755,67.761909,90.317520
990,5.500000,147.098404,67.761948,90.316048
991,5.505556,147.101273,67.762428,90.316116
992,5.511111,147.099167,67.761299,90.317177
993,5.516667,147.102371,67.763252,90.315468
994,5.522222,147.096832,67.764320,90.314156
995,5.527778,147.098160,67.764404,90.314522
996,5.533333,147.098389,67.763145,90.316917
997,5.538889,147.100769,67.765686,90.314545
998,5.544444,147.098267,67.763466,90.314857
999,5.550000,147.098846,67.762505,90.317245
1000,5.555556,147.098969,67.767410,90.314384
1001,5.561111,147.096680,67.763756,90.312675
1002,5.566667,147.099335,67.764526,90.313377
1003,5.572222,147.097504,67.765244,90.314713
1004,5.577778,147.095062,67.765533,90.312393
1005,5.583333,147.094833,67.765854,90.314293
1006,5.588889,147.094757,67.766693,90.310768
1007,5.594444,147.094391,67.765816,90.312080
1008,5.600000,147.098663,67.766762,90.315300
1009,5.605556,147.099854,67.763290,90.314880
1010,5.611111,147.098480,67.767937,90.314095
1011,5.616667,147.096893,67.766106,90.311867
1012,5.622222,147.094391,67.768463,90.311989
1013,5.627778,147.097061,67.767639,90.314384
1014,5.633333,147.096924,67.765060,90.313965
1015,5.638889,147.096268,67.766739,90.313347
1016,5.644444,147.097900,67.766571,90.312752
1017,5.650000,147.095520,67.765587,90.315956
1018,5.655556,147.100037,67.765938,90.315895
1019,5.661111,147.097961,67.760109,90.316216
1020,5.666667,147.101547,67.760880,90.313271
1021,5.672222,147.096146,67.762108,90.317787
1022,5.677778,147.099396,67.761841,90.319160
1023,5.683333,147.099976,67.760513,90.314079
1024,5.688889,147.099350,67.759087,90.318077
1025,5.694444,147.102600,67.759827,90.318405
1026,5.700000,147.098602,67.762604,90.319214
1027,5.705556,147.100281,67.758202,90.314400
1028,5.711111,147.102005,67.758614,90.315422
1029,5.716667,147.102448,67.758141,90.319099
1030,5.722222,147.099854,67.760277,90.318810
1031,5.727778,147.099686,67.758636,90.317894
1032,5.733333,147.098724,67.762306,90.314957
1033,5.738889,147.099762,67.760208,90.320618
1034,5.744444,147.101181,67.760689,90.319504
1035,5.750000,147.105576,67.761436,90.317039
1036,5.755556,147.104507,67.761086,90.317764
1037,5.761111,147.103638,67.759140,90.316780
1038,5.766667,147.101532,67.764648,90.316093
1039,5.772222,147.101578,67.759636,90.318810
1040,5.777778,147.100128,67.758110,90.316734
1041,5.783333,147.101196,67.762535,90.319458
1042,5.788889,147.099487,67.762184,90.316887
1043,5.794444,147.102417,67.760941,90.316177
1044,5.800000,147.103333,67.760117,90.315842
1045,5.805556,147.102036,67.761993,90.319069
1046,5.811111,147.104187,67.759087,90.318520
1047,5.816667,147.101089,67.758606,90.315582
1048,5.822222,147.100937,67.762764,90.319443
1049,5.827778,147.098221,67.762718,90.314934
1050,5.833333,147.101120,67.759071,90.316483
1051,5.838889,147.097290,67.760963,90.315262
1052,5.844444,147.097610,67.759766,90.315849
1053,5.850000,147.097595,67.759155,90.313843
1054,5.855556,147.096573,67.759995,90.311691
1055,5.861111,147.099258,67.759529,90.311668
1056,5.866667,147.097733,67.762543,90.313560
1057,5.872222,147.097366,67.763046,90.310860
1058,5.877778,147.096970,67.759430,90.315491
1059,5.883333,147.096634,67.759262,90.312271
1060,5.888889,147.098862,67.759781,90.315094
1061,5.894444,147.100479,67.756393,90.317726
1062,5.900000,147.095566,67.759354,90.314049
1063,5.905556,147.097046,67.758789,90.313087
1064,5.911111,147.097595,67.760895,90.311989
1065,5.916667,147.098969,67.757645,90.316002
1066,5.922222,147.097366,67.761620,90.313980
1067,5.927778,147.098801,67.760216,90.314880
1068,5.933333,147.101089,67.759033,90.315865
1069,5.938889,147.098328,67.762726,90.313484
1070,5.944444,147.096848,67.763222,90.314529
1071,5.950000,147.100296,67.762154,90.316071
1072,5.955556,147.096664,67.762047,90.315262
1073,5.961111,147.098083,67.761086,90.316666
1074,5.966667,147.096115,67.760834,90.318100
1075,5.972222,147.096756,67.758629,90.314079
1076,5.977778,147.096863,67.760193,90.311035
1077,5.983333,147.095551,67.758186,90.311256
1078,5.988889,147.097427,67.758232,90.312668
1079,5.994444,147.091263,67.758408,90.312622
1080,6.000000,147.093887,67.758156,90.308594
1081,6.005556,147.094559,67.758698,90.311478
1082,6.011111,147.095673,67.759575,90.312424
1083,6.016667,147.096375,67.761528,90.311630
1084,6.022222,147.097885,67.760315,90.316521
1085,6.027778,147.096008,67.761513,90.310928
1086,6.033333,147.098083,67.760597,90.312126
1087,6.038889,147.095718,67.761955,90.312668
1088,6.044444,147.095108,67.760536,90.315155
1089,6.050000,147.099915,67.761314,90.315140
1090,6.055556,147.095734,67.762321,90.312866
1091,6.061111,147.095612,67.760513,90.313438
1092,6.066667,147.097198,67.762871,90.315941
1093,6.072222,147.098068,67.762772,90.316475
1094,6.077778,147.096527,67.762756,90.310890
1095,6.083333,147.100296,67.762680,90.312920
1096,6.088889,147.094391,67.761345,90.312462
1097,6.094444,147.098602,67.759811,90.312431
1098,6.100000,147.095917,67.762566,90.314514
1099,6.105556,147.098495,67.762856,90.313705
1100,6.111111,147.097519,67.758850,90.315201
1101,6.116667,147.098206,67.759834,90.316521
1102,6.122222,147.100143,67.762611,90.316765
1103,6.127778,147.100739,67.760628,90.314392
1104,6.133333,147.099167,67.761932,90.316223
1105,6.138889,147.096313,67.762199,90.315323
1106,6.144444,147.097473,67.761757,90.316795
1107,6.150000,147.096146,67.760429,90.315262
1108,6.155556,147.094604,67.762444,90.312241
1109,6.161111,147.101562,67.761269,90.312462
1110,6.166667,147.099350,67.761299,90.313240
1111,6.172222,147.097778,67.761101,90.315689
1112,6.177778,147.101639,67.762642,90.312645
1113,6.183333,147.100433,67.760689,90.316437
1114,6.188889,147.097610,67.761726,90.315910
1115,6.194444,147.096832,67.759674,90.317612
1116,6.200000,147.100433,67.759537,90.316780
1117,6.205556,147.099594,67.757759,90.316574
1118,6.211111,147.100098,67.757896,90.317993
1119,6.216667,147.101974,67.759529,90.319038
1120,6.222222,147.100052,67.759766,90.316849
1121,6.227778,147.101349,67.763496,90.317863
1122,6.233333,147.099380,67.760437,90.317558
1123,6.238889,147.098785,67.761909,90.315254
1124,6.244444,147.098862,67.758591,90.315308
1125,6.250000,147.102219,67.758385,90.315285
1126,6.255556,147.099106,67.760551,90.315041
1127,6.261111,147.102478,67.759216,90.315681
1128,6.266667,147.102478,67.759712,90.319008
1129,6.272222,147.101517,67.758606,90.315781
1130,6.277778,147.100464,67.759209,90.316879
1131,6.283333,147.100006,67.758812,90.317993
1132,6.288889,147.099228,67.758621,90.319511
1133,6.294444,147.101364,67.761581,90.316193
1134,6.300000,147.102676,67.762520,90.313179
1135,6.305556,147.102707,67.759674,90.318550
1136,6.311111,147.100403,67.756958,90.318756
1137,6.316667,147.103561,67.758400,90.320450
1138,6.322222,147.102692,67.760490,90.317238
1139,6.327778,147.103348,67.761047,90.320580
1140,6.333333,147.105545,67.757751,90.319016
1141,6.338889,147.101440,67.759155,90.319565
1142,6.344444,147.099609,67.758957,90.316109
1143,6.350000,147.105347,67.756638,90.319283
1144,6.355556,147.102219,67.758156,90.317856
1145,6.361111,147.103302,67.761475,90.318062
1146,6.366667,147.103012,67.758972,90.319672
1147,6.372222,147.103165,67.759338,90.319496
1148,6.377778,147.102997,67.759872,90.316719
1149,6.383333,147.100555,67.758499,90.319580
1150,6.388889,147.101852,67.758865,90.320747
1151,6.394444,147.099136,67.760773,90.317200
1152,6.400000,147.098648,67.760818,90.316422
1153,6.405556,147.101868,67.759979,90.316429
1154,6.411111,147.101105,67.761261,90.316376
1155,6.416667,147.103958,67.761307,90.316376
1156,6.422222,147.100342,67.760979,90.314758
1157,6.427778,147.099411,67.760612,90.320732
1158,6.433333,147.100723,67.758438,90.320526
1159,6.438889,147.098694,67.758530,90.316154
1160,6.444444,147.098846,67.759277,90.316338
1161,6.450000,147.097351,67.760963,90.317055
1162,6.455556,147.098328,67.761330,90.313721
1163,6.461111,147.101471,67.759422,90.315750
1164,6.466667,147.101303,67.759415,90.320526
1165,6.472222,147.098969,67.759560,90.315331
1166,6.477778,147.096390,67.759613,90.315346
1167,6.483333,147.099518,67.758926,90.317268
1168,6.488889,147.095993,67.759285,90.316406
1169,6.494444,147.099106,67.757919,90.315559
1170,6.500000,147.099380,67.765099,90.313766
1171,6.505556,147.098404,67.757942,90.317383
1172,6.511111,147.097473,67.761040,90.315552
1173,6.516667,147.098816,67.763535,90.316765
1174,6.522222,147.099808,67.761093,90.319794
1175,6.527778,147.097122,67.760048,90.314217
1176,6.533333,147.098328,67.762512,90.317108
1177,6.538889,147.100235,67.759895,90.315536
1178,6.544444,147.097992,67.760406,90.318161
1179,6.550000,147.097305,67.761658,90.313408
1180,6.555556,147.097458,67.761391,90.312431
1181,6.561111,147.098175,67.760941,90.317398
1182,6.566667,147.098297,67.761108,90.313553
1183,6.572222,147.098572,67.762863,90.316246
1184,6.577778,147.097946,67.756485,90.318161
1185,6.583333,147.095093,67.759087,90.316689
1186,6.588889,147.096161,67.762741,90.314796
1187,6.594444,147.095627,67.761726,90.314056
1188,6.600000,147.099091,67.762001,90.312569
1189,6.605556,147.098358,67.762535,90.314606
1190,6.611111,147.097687,67.760941,90.316254
1191,6.616667,147.098633,67.760681,90.315430
1192,6.622222,147.099854,67.761864,90.314941
1193,6.627778,147.101166,67.760536,90.316071
1194,6.633333,147.096344,67.762558,90.315056
1195,6.638889,147.099747,67.763115,90.313965
1196,6.644444,147.094925,67.760033,90.313988
1197,6.650000,147.097137,67.758926,90.316978
1198,6.655556,147.097641,67.760895,90.315048
1199,6.661111,147.096420,67.763237,90.315475
1200,6.666667,147.101044,67.758400,90.313774
1201,6.672222,147.095795,67.759514,90.313072
1202,6.677778,147.097626,67.758820,90.316116
1203,6.683333,147.098373,67.756622,90.316322
1204,6.688889,147.096786,67.760139,90.316750
1205,6.694444,147.096008,67.764977,90.313522
1206,6.700000,147.098557,67.760078,90.316399
1207,6.705556,147.094818,67.764351,90.311104
1208,6.711111,147.097931,67.761482,90.314178
1209,6.716667,147.095795,67.759995,90.315933
1210,6.722222,147.096970,67.758904,90.317383
1211,6.727778,147.097916,67.764717,90.313660
1212,6.733333,147.098083,67.761345,90.314880
1213,6.738889,147.100891,67.760025,90.316711
1214,6.744444,147.097183,67.760033,90.313248
1215,6.750000,147.097473,67.761147,90.313759
1216,6.755556,147.097809,67.760246,90.313530
1217,6.761111,147.101410,67.762085,90.315994
1218,6.766667,147.099854,67.762268,90.314438
1219,6.772222,147.097214,67.760406,90.315414
1220,6.777778,147.099380,67.761475,90.315651
1221,6.783333,147.098480,67.761658,90.316742
1222,6.788889,147.100784,67.759041,90.320572
1223,6.794444,147.098404,67.756996,90.316963
1224,6.800000,147.096588,67.759705,90.315132
1225,6.805556,147.099228,67.760941,90.313644
1226,6.811111,147.097473,67.760353,90.316559
1227,6.816667,147.098511,67.761551,90.316750
1228,6.822222,147.102432,67.760681,90.314865
1229,6.827778,147.101364,67.760620,90.315819
1230,6.833333,147.098373,67.762146,90.316902
1231,6.838889,147.098099,67.759560,90.317871
1232,6.844444,147.099670,67.759308,90.316505
1233,6.850000,147.097458,67.763214,90.313210
1234,6.855556,147.098816,67.760300,90.316101
1235,6.861111,147.099808,67.759315,90.317574
1236,6.866667,147.100494,67.763580,90.313583
1237,6.872222,147.101212,67.760818,90.320404
1238,6.877778,147.099274,67.762146,90.315010
1239,6.883333,147.102386,67.760056,90.315300
1240,6.888889,147.101532,67.761101,90.317604
1241,6.894444,147.101486,67.761383,90.315201
1242,6.900000,147.101425,67.760651,90.315903
1243,6.905556,147.097839,67.761620,90.317604
1244,6.911111,147.098679,67.758186,90.318726
1245,6.916667,147.097778,67.759666,90.319397
1246,6.922222,147.099854,67.760162,90.317467
1247,6.927778,147.102081,67.758553,90.317719
1248,6.933333,147.099243,67.761292,90.316742
1249,6.938889,147.099472,67.761795,90.314651
1250,6.944444,147.098419,67.761726,90.317375
1251,6.950000,147.101578,67.762894,90.313553
1252,6.955556,147.100983,67.765877,90.312073
1253,6.961111,147.097076,67.760933,90.316063
1254,6.966667,147.096069,67.758430,90.314354
1255,6.972222,147.099182,67.762177,90.319366
1256,6.977778,147.095673,67.761597,90.315277
1257,6.983333,147.097595,67.760490,90.316605
1258,6.988889,147.100113,67.760635,90.314545
1259,6.994444,147.099228,67.759834,90.314743
1260,7.000000,147.096466,67.758377,90.315895
1261,7.005556,147.098862,67.764023,90.313004
1262,7.011111,147.097839,67.759926,90.314613
1263,7.016667,147.095779,67.759407,90.313583
1264,7.022222,147.096161,67.762947,90.314301
1265,7.027778,147.099426,67.759796,90.317329
1266,7.033333,147.097305,67.760719,90.314568
1267,7.038889,147.097855,67.764633,90.312218
1268,7.044444,147.096375,67.761086,90.313812
1269,7.050000,147.099548,67.757874,90.319832
1270,7.055556,147.098465,67.764328,90.318520
1271,7.061111,147.099579,67.764038,90.314941
1272,7.066667,147.096344,67.760216,90.313286
1273,7.072222,147.095718,67.764130,90.314690
1274,7.077778,147.096878,67.766281,90.315933
1275,7.083333,147.098312,67.763321,90.314476
1276,7.088889,147.099594,67.760818,90.314819
1277,7.094444,147.100784,67.763855,90.312599
1278,7.100000,147.094559,67.760826,90.312088
1279,7.105556,147.096878,67.764114,90.313271
1280,7.111111,147.096893,67.764778,90.313347
1281,7.116667,147.096466,67.764374,90.315147
1282,7.122222,147.099579,67.763985,90.309570
1283,7.127778,147.098816,67.764908,90.310104
1284,7.133333,147.099976,67.764519,90.314224
1285,7.138889,147.096924,67.761879,90.311409
1286,7.144444,147.097244,67.761269,90.310730
1287,7.150000,147.096786,67.762634,90.312599
1288,7.155556,147.095169,67.762253,90.312531
1289,7.161111,147.095016,67.764297,90.310005
1290,7.166667,147.094818,67.761375,90.310799
1291,7.172222,147.093430,67.758919,90.310562
1292,7.177778,147.096085,67.760620,90.307732
1293,7.183333,147.091858,67.758141,90.308342
1294,7.188889,147.088333,67.760086,90.308197
1295,7.194444,147.089493,67.756042,90.307396
1296,7.200000,147.090515,67.757645,90.307640
1297,7.205556,147.092621,67.755592,90.312012
1298,7.211111,147.092743,67.762611,90.308434
1299,7.216667,147.093384,67.760643,90.310074
1300,7.222222,147.096466,67.759628,90.308548
1301,7.227778,147.096588,67.764565,90.311760
1302,7.233333,147.097275,67.763161,90.314018
1303,7.238889,147.094833,67.763252,90.310760
1304,7.244444,147.099960,67.762985,90.312744
1305,7.250000,147.100632,67.762535,90.312813
1306,7.255556,147.100174,67.763924,90.312859
1307,7.261111,147.098846,67.760345,90.314453
1308,7.266667,147.097961,67.765266,90.312462
1309,7.272222,147.098511,67.764168,90.312096
1310,7.277778,147.097885,67.763390,90.312126
1311,7.283333,147.099472,67.765869,90.314110
1312,7.288889,147.100830,67.767365,90.311066
1313,7.294444,147.099136,67.765396,90.312279
1314,7.300000,147.100342,67.765121,90.314400
1315,7.305556,147.097260,67.766678,90.313995
1316,7.311111,147.100250,67.765030,90.315025
1317,7.316667,147.099136,67.767830,90.312393
1318,7.322222,147.098343,67.769478,90.315765
1319,7.327778,147.099197,67.768234,90.315727
1320,7.333333,147.100525,67.768570,90.313789
1321,7.338889,147.102753,67.768173,90.315025
1322,7.344444,147.101685,67.765564,90.317123
1323,7.350000,147.101273,67.766167,90.316040
1324,7.355556,147.100342,67.766724,90.318733
1325,7.361111,147.099167,67.762451,90.315048
1326,7.366667,147.099640,67.763710,90.317932
1327,7.372222,147.101974,67.765175,90.320808
1328,7.377778,147.097168,67.764175,90.315674
1329,7.383333,147.103668,67.762848,90.315002
1330,7.388889,147.101212,67.763573,90.316010
1331,7.394444,147.100601,67.759315,90.319923
1332,7.400000,147.103470,67.761803,90.321709
1333,7.405556,147.103546,67.762161,90.316864
1334,7.411111,147.105576,67.760002,90.318237
1335,7.416667,147.100586,67.759583,90.317535
1336,7.422222,147.098328,67.766212,90.314980
1337,7.427778,147.100006,67.758247,90.318405
1338,7.433333,147.100449,67.760796,90.317513
1339,7.438889,147.103027,67.761230,90.317001
1340,7.444444,147.103043,67.760590,90.317871
1341,7.450000,147.101166,67.757149,90.317856
1342,7.455556,147.102478,67.760376,90.321136
1343,7.461111,147.103012,67.761894,90.317642
1344,7.466667,147.100098,67.760918,90.317505
1345,7.472222,147.098679,67.758743,90.317596
1346,7.477778,147.101379,67.760536,90.318001
1347,7.483333,147.101044,67.759697,90.320168
1348,7.488889,147.097794,67.758484,90.319885
1349,7.494444,147.100449,67.762009,90.317589
1350,7.500000,147.101532,67.758957,90.319313
1351,7.505556,147.102219,67.763824,90.320740
1352,7.511111,147.100632,67.760002,90.320656
1353,7.516667,147.099564,67.760696,90.319481
1354,7.522222,147.102890,67.758514,90.320526
1355,7.527778,147.099457,67.761620,90.318031
1356,7.533333,147.099777,67.765160,90.318794
1357,7.538889,147.100342,67.759705,90.319771
1358,7.544444,147.101700,67.760513,90.317429
1359,7.550000,147.100128,67.763084,90.320786
1360,7.555556,147.101700,67.763161,90.320808
1361,7.561111,147.099731,67.765160,90.321266
1362,7.566667,147.100250,67.761070,90.317879
1363,7.572222,147.098541,67.763077,90.319702
1364,7.577778,147.105942,67.763710,90.319458
1365,7.583333,147.102493,67.763184,90.321480
1366,7.588889,147.101288,67.763237,90.322861
1367,7.594444,147.100433,67.760918,90.320503
1368,7.600000,147.103790,67.759911,90.319855
1369,7.605556,147.100128,67.758667,90.321838
1370,7.611111,147.101196,67.755287,90.320168
1371,7.616667,147.099716,67.755211,90.316826
1372,7.622222,147.101074,67.753334,90.318237
1373,7.627778,147.099899,67.754211,90.316971
1374,7.633333,147.097061,67.757477,90.317558
1375,7.638889,147.101486,67.757545,90.318169
1376,7.644444,147.102707,67.756943,90.321205
1377,7.650000,147.102463,67.760574,90.321167
1378,7.655556,147.102585,67.759514,90.321281
1379,7.661111,147.101608,67.758194,90.321121
1380,7.666667,147.104263,67.761688,90.319099
1381,7.672222,147.103302,67.763313,90.319214
1382,7.677778,147.104843,67.761909,90.324242
1383,7.683333,147.106262,67.761360,90.322495
1384,7.688889,147.102280,67.761330,90.319038
1385,7.694444,147.104767,67.761650,90.320190
1386,7.700000,147.105499,67.762024,90.322090
1387,7.705556,147.101334,67.763771,90.320442
1388,7.711111,147.102478,67.761658,90.319328
1389,7.716667,147.103149,67.760918,90.322998
1390,7.722222,147.101120,67.762871,90.318619
1391,7.727778,147.098267,67.760979,90.321739
1392,7.733333,147.102264,67.759674,90.318367
1393,7.738889,147.103104,67.763550,90.317688
1394,7.744444,147.101730,67.762352,90.320381
1395,7.750000,147.103043,67.759178,90.319023
1396,7.755556,147.103149,67.763344,90.319542
1397,7.761111,147.101364,67.759789,90.320396
1398,7.766667,147.103134,67.756721,90.320206
1399,7.772222,147.101120,67.761902,90.319054
1400,7.777778,147.099609,67.765244,90.317673
1401,7.783333,147.097321,67.761063,90.315651
1402,7.788889,147.103058,67.761444,90.322487
1403,7.794444,147.100677,67.761444,90.316597
1404,7.800000,147.103867,67.761429,90.319458
1405,7.805556,147.102310,67.760727,90.319481
1406,7.811111,147.102737,67.760941,90.320107
1407,7.816667,147.100250,67.759018,90.316376
1408,7.822222,147.098846,67.759399,90.316887
1409,7.827778,147.097900,67.759651,90.315094
1410,7.833333,147.102661,67.759003,90.318970
1411,7.838889,147.101700,67.757828,90.318207
1412,7.844444,147.100067,67.758926,90.317413
1413,7.850000,147.100906,67.759476,90.322350
1414,7.855556,147.097046,67.760002,90.316872
1415,7.861111,147.102402,67.760216,90.314980
1416,7.866667,147.101212,67.761345,90.316734
1417,7.872222,147.099396,67.759621,90.317116
1418,7.877778,147.096344,67.763168,90.318092
1419,7.883333,147.100021,67.760307,90.319160
1420,7.888889,147.097565,67.759674,90.316811
1421,7.894444,147.097961,67.760460,90.315041
1422,7.900000,147.099884,67.761909,90.318314
1423,7.905556,147.097992,67.760132,90.317795
1424,7.911111,147.097733,67.759651,90.316048
1425,7.916667,147.099152,67.761124,90.314293
1426,7.922222,147.100464,67.762741,90.319435
1427,7.927778,147.099915,67.763290,90.315895
1428,7.933333,147.098022,67.762794,90.315331
1429,7.938889,147.097260,67.763390,90.311523
1430,7.944444,147.100494,67.761642,90.312958
1431,7.950000,147.098770,67.765472,90.314964
1432,7.955556,147.098999,67.762138,90.316734
1433,7.961111,147.099823,67.762589,90.318054
1434,7.966667,147.098846,67.763901,90.318398
1435,7.972222,147.096390,67.761742,90.317627
1436,7.977778,147.098221,67.762009,90.316498
1437,7.983333,147.096069,67.765297,90.313866
1438,7.988889,147.096786,67.761185,90.318130
1439,7.994444,147.097229,67.762550,90.320183
1440,8.000000,147.101654,67.763161,90.316429
1441,8.005556,147.095490,67.764114,90.314339
1442,8.011111,147.095673,67.757637,90.317741
1443,8.016667,147.094467,67.763565,90.313591
1444,8.022222,147.094254,67.758736,90.317612
1445,8.027778,147.094879,67.757881,90.317291
1446,8.033333,147.092972,67.759209,90.315002
1447,8.038889,147.094406,67.759560,90.315231
1448,8.044444,147.096680,67.759354,90.315010
1449,8.050000,147.095215,67.760857,90.315376
1450,8.055556,147.094803,67.760086,90.314117
1451,8.061111,147.098282,67.758263,90.317986
1452,8.066667,147.096954,67.761559,90.316231
1453,8.072222,147.095642,67.759094,90.317726
1454,8.077778,147.093964,67.762062,90.319733
1455,8.083333,147.096008,67.762482,90.319290
1456,8.088889,147.095505,67.764755,90.314934
1457,8.094444,147.102493,67.759560,90.321205
1458,8.100000,147.099899,67.764290,90.319382
1459,8.105556,147.100937,67.762611,90.320602
1460,8.111111,147.098984,67.762245,90.318520
1461,8.116667,147.099945,67.766029,90.317619
1462,8.122222,147.095917,67.761841,90.317574
1463,8.127778,147.100204,67.762840,90.321327
1464,8.133333,147.096603,67.763786,90.321472
1465,8.138889,147.100479,67.765366,90.321877
1466,8.144444,147.094269,67.761963,90.323357
1467,8.150000,147.100861,67.761574,90.323051
1468,8.155556,147.099258,67.766121,90.321220
1469,8.161111,147.099915,67.763062,90.321312
1470,8.166667,147.097748,67.764153,90.320412
1471,8.172222,147.100021,67.764587,90.319397
1472,8.177778,147.100250,67.763008,90.324104
1473,8.183333,147.102554,67.762375,90.324951
1474,8.188889,147.099808,67.765617,90.320930
1475,8.194444,147.097733,67.765900,90.321434
1476,8.200000,147.102814,67.762573,90.323669
1477,8.205556,147.100327,67.763115,90.324532
1478,8.211111,147.105499,67.762642,90.324348
1479,8.216667,147.101196,67.765518,90.321732
1480,8.222222,147.101593,67.764816,90.324898
1481,8.227778,147.102234,67.764572,90.324944
1482,8.233333,147.103333,67.762329,90.320442
1483,8.238889,147.103836,67.764801,90.322334
1484,8.244444,147.100021,67.763039,90.325203
1485,8.250000,147.102707,67.765160,90.325905
1486,8.255556,147.102570,67.764709,90.323837
1487,8.261111,147.103836,67.762413,90.325661
1488,8.266667,147.104019,67.763176,90.326210
1489,8.272222,147.102081,67.762993,90.323433
1490,8.277778,147.101334,67.762474,90.323967
1491,8.283333,147.099457,67.764229,90.322815
1492,8.288889,147.101074,67.762939,90.321587
1493,8.294444,147.103683,67.762482,90.325722
1494,8.300000,147.104095,67.764221,90.323738
1495,8.305556,147.103378,67.762238,90.320419
1496,8.311111,147.103638,67.761612,90.318924
1497,8.316667,147.105606,67.765892,90.323280
1498,8.322222,147.102646,67.763123,90.322701
1499,8.327778,147.106476,67.761978,90.321320
1500,8.333333,147.104568,67.764908,90.320938
1501,8.338889,147.101700,67.761993,90.323364
1502,8.344444,147.103348,67.764160,90.321556
1503,8.350000,147.104675,67.764061,90.321121
1504,8.355556,147.104279,67.763527,90.321983
1505,8.361111,147.105667,67.762245,90.322372
1506,8.366667,147.106506,67.765411,90.321114
1507,8.372222,147.101959,67.764824,90.320473
1508,8.377778,147.104492,67.762291,90.318260
1509,8.383333,147.103653,67.766350,90.317924
1510,8.388889,147.104477,67.766609,90.313126
1511,8.394444,147.107056,67.764053,90.317253
1512,8.400000,147.105255,67.764648,90.320801
1513,8.405556,147.103424,67.764084,90.321381
1514,8.411111,147.104309,67.764305,90.319931
1515,8.416667,147.104080,67.762215,90.314896
1516,8.422222,147.107056,67.764038,90.320541
1517,8.427778,147.100800,67.763519,90.320244
1518,8.433333,147.105850,67.764549,90.321693
1519,8.438889,147.104385,67.763634,90.320663
1520,8.444444,147.103241,67.762901,90.317825
1521,8.450000,147.105621,67.764305,90.318108
1522,8.455556,147.105576,67.767609,90.321976
1523,8.461111,147.103622,67.765358,90.315407
1524,8.466667,147.106003,67.764297,90.320549
1525,8.472222,147.103561,67.765068,90.319916
1526,8.477778,147.104340,67.762749,90.321365
1527,8.483333,147.105972,67.764786,90.319016
1528,8.488889,147.105225,67.765884,90.318001
1529,8.494444,147.107117,67.766518,90.317070
1530,8.500000,147.107498,67.764297,90.318542
1531,8.505556,147.105972,67.763428,90.319778
1532,8.511111,147.107666,67.762421,90.319778
1533,8.516667,147.104645,67.763947,90.318840
1534,8.522222,147.109848,67.764885,90.321045
1535,8.527778,147.104660,67.767487,90.319725
1536,8.533333,147.102539,67.766571,90.318893
1537,8.538889,147.106674,67.765778,90.319443
1538,8.544444,147.103439,67.768257,90.315727
1539,8.550000,147.105759,67.766373,90.318619
1540,8.555556,147.107666,67.767105,90.317734
1541,8.561111,147.104813,67.768944,90.316803
1542,8.566667,147.105453,67.766144,90.318787
1543,8.572222,147.106033,67.765076,90.319206
1544,8.577778,147.107635,67.768204,90.317459
1545,8.583333,147.106232,67.763222,90.318581
1546,8.588889,147.107651,67.766441,90.318336
1547,8.594444,147.101608,67.767769,90.314873
1548,8.600000,147.106644,67.767365,90.319054
1549,8.605556,147.105591,67.764771,90.319756
1550,8.611111,147.101883,67.764000,90.321373
1551,8.616667,147.105286,67.763016,90.317612
1552,8.622222,147.104065,67.761581,90.320808
1553,8.627778,147.099472,67.768501,90.316643
1554,8.633333,147.104218,67.763916,90.319984
1555,8.638889,147.102356,67.762871,90.318718
1556,8.644444,147.099915,67.764862,90.318100
1557,8.650000,147.102875,67.764114,90.317818
1558,8.655556,147.102615,67.762291,90.316048
1559,8.661111,147.100922,67.764694,90.316086
1560,8.666667,147.100540,67.764717,90.314766
1561,8.672222,147.100586,67.763496,90.318115
1562,8.677778,147.099426,67.763115,90.314964
1563,8.683333,147.099869,67.764038,90.312927
1564,8.688889,147.098236,67.758087,90.315765
1565,8.694444,147.092819,67.761971,90.311661
1566,8.700000,147.090714,67.765968,90.307724
1567,8.705556,147.095016,67.760551,90.308731
1568,8.711111,147.093689,67.758774,90.306984
1569,8.716667,147.090591,67.759026,90.306442
1570,8.722222,147.094971,67.758987,90.308167
1571,8.727778,147.085785,67.758820,90.308037
1572,8.733333,147.087021,67.758415,90.307678
1573,8.738889,147.088547,67.760063,90.308205
1574,8.744444,147.088150,67.757080,90.304451
1575,8.750000,147.089996,67.757393,90.308746
1576,8.755556,147.092804,67.761162,90.307526
1577,8.761111,147.094421,67.760162,90.308670
1578,8.766667,147.092026,67.761841,90.306236
1579,8.772222,147.092285,67.759178,90.307854
1580,8.777778,147.091171,67.759155,90.309372
1581,8.783333,147.092224,67.761497,90.311516
1582,8.788889,147.094986,67.760941,90.310753
1583,8.794444,147.095154,67.762695,90.308784
1584,8.800000,147.098312,67.763405,90.311127
1585,8.805556,147.096008,67.763367,90.310341
1586,8.811111,147.097443,67.764290,90.311028
1587,8.816667,147.096588,67.763039,90.311234
1588,8.822222,147.097931,67.763428,90.312683
1589,8.827778,147.094910,67.761566,90.311996
1590,8.833333,147.099487,67.760139,90.312828
1591,8.838889,147.097595,67.762459,90.312164
1592,8.844444,147.097839,67.762215,90.312653
1593,8.850000,147.100464,67.760529,90.311890
1594,8.855556,147.095871,67.766914,90.310913
1595,8.861111,147.098083,67.760529,90.313286
1596,8.866667,147.100906,67.761757,90.315033
1597,8.872222,147.100372,67.763237,90.314522
1598,8.877778,147.098938,67.765198,90.315117
1599,8.883333,147.101700,67.762405,90.311996
1600,8.888889,147.099365,67.766014,90.315559
1601,8.894444,147.100845,67.764336,90.315819
1602,8.900000,147.100342,67.763847,90.313309
1603,8.905556,147.098083,67.761887,90.316437
1604,8.911111,147.100937,67.761063,90.317589
1605,8.916667,147.100647,67.764580,90.313499
1606,8.922222,147.100754,67.762024,90.314087
1607,8.927778,147.099457,67.761604,90.314407
1608,8.933333,147.101669,67.762367,90.314072
1609,8.938889,147.101883,67.759033,90.315964
1610,8.944444,147.097275,67.762535,90.314491
1611,8.950000,147.099319,67.765404,90.316704
1612,8.955556,147.099533,67.762154,90.316139
1613,8.961111,147.102203,67.764755,90.312462
1614,8.966667,147.101959,67.762543,90.314857
1615,8.972222,147.102325,67.761948,90.315804
1616,8.977778,147.103165,67.763542,90.314148
1617,8.983333,147.102158,67.765358,90.312248
1618,8.988889,147.099976,67.762032,90.315521
1619,8.994444,147.097473,67.763290,90.314018
1620,9.000000,147.098572,67.766487,90.314552
1621,9.005556,147.102554,67.763489,90.314926
1622,9.011111,147.099335,67.764130,90.311386
1623,9.016667,147.099930,67.763634,90.318443
1624,9.022222,147.102066,67.760773,90.318848
1625,9.027778,147.098618,67.759918,90.314453
1626,9.033333,147.097412,67.761681,90.313446
1627,9.038889,147.100815,67.759850,90.317513
1628,9.044444,147.098633,67.762520,90.316681
1629,9.050000,147.096878,67.760483,90.314690
1630,9.055556,147.100021,67.761696,90.313126
1631,9.061111,147.096954,67.763008,90.314171
1632,9.066667,147.096848,67.762566,90.313431
1633,9.072222,147.103195,67.762260,90.314972
1634,9.077778,147.098862,67.762894,90.313858
1635,9.083333,147.098770,67.763680,90.312332
1636,9.088889,147.102478,67.760719,90.316223
1637,9.094444,147.100113,67.764755,90.313721
1638,9.100000,147.100449,67.765045,90.313950
1639,9.105556,147.098343,67.766129,90.309570
1640,9.111111,147.097427,67.761169,90.312737
1641,9.116667,147.101990,67.763924,90.313881
1642,9.122222,147.102478,67.766235,90.313507
1643,9.127778,147.100906,67.764038,90.313431
1644,9.133333,147.101166,67.763229,90.316101
1645,9.138889,147.099884,67.765511,90.312225
1646,9.144444,147.100082,67.762123,90.315308
1647,9.150000,147.101135,67.762596,90.314392
1648,9.155556,147.098145,67.762802,90.313438
1649,9.161111,147.101761,67.758011,90.316391
1650,9.166667,147.101715,67.761101,90.312775
1651,9.172222,147.102097,67.763863,90.316040
1652,9.177778,147.101837,67.760292,90.316422
1653,9.183333,147.101028,67.759438,90.318443
1654,9.188889,147.098190,67.761116,90.314651
1655,9.194444,147.100235,67.765312,90.314049
1656,9.200000,147.097885,67.763321,90.315132
1657,9.205556,147.101440,67.761581,90.314568
1658,9.211111,147.102600,67.765427,90.312279
1659,9.216667,147.101730,67.762482,90.312965
1660,9.222222,147.102768,67.762993,90.315445
1661,9.227778,147.101624,67.762337,90.312714
1662,9.233333,147.103607,67.764389,90.312416
1663,9.238889,147.099823,67.762222,90.313362
1664,9.244444,147.102280,67.761406,90.314270
1665,9.250000,147.099167,67.763016,90.313431
1666,9.255556,147.098190,67.762901,90.313721
1667,9.261111,147.101685,67.761353,90.316368
1668,9.266667,147.103058,67.764107,90.313118
1669,9.272222,147.103058,67.761589,90.315132
1670,9.277778,147.100754,67.762047,90.313560
1671,9.283333,147.103806,67.762772,90.313965
1672,9.288889,147.100052,67.763252,90.316910
1673,9.294444,147.102356,67.764030,90.317101
1674,9.300000,147.099106,67.766609,90.311737
1675,9.305556,147.100342,67.764969,90.312103
1676,9.311111,147.101089,67.763802,90.315269
1677,9.316667,147.097305,67.765701,90.313217
1678,9.322222,147.101730,67.761101,90.313576
1679,9.327778,147.099670,67.763268,90.314575
1680,9.333333,147.099854,67.762123,90.317184
1681,9.338889,147.101868,67.760689,90.315720
1682,9.344444,147.099960,67.763084,90.314743
1683,9.350000,147.100098,67.763138,90.313179
1684,9.355556,147.102127,67.757927,90.316238
1685,9.361111,147.095688,67.761444,90.313499
1686,9.366667,147.100662,67.762230,90.317162
1687,9.372222,147.101364,67.761795,90.314278
1688,9.377778,147.102036,67.762024,90.316757
1689,9.383333,147.101410,67.761223,90.313881
1690,9.388889,147.103226,67.759483,90.314705
1691,9.394444,147.101593,67.760788,90.316780
1692,9.400000,147.101196,67.762039,90.314125
1693,9.405556,147.101349,67.760628,90.314682
1694,9.411111,147.103409,67.763130,90.315094
1695,9.416667,147.099213,67.762222,90.316139
1696,9.422222,147.103989,67.760742,90.318657
1697,9.427778,147.104218,67.760620,90.314690
1698,9.433333,147.103439,67.764122,90.316437
1699,9.438889,147.102600,67.761452,90.318794
1700,9.444444,147.102936,67.764809,90.314407
1701,9.450000,147.100723,67.760887,90.316589
1702,9.455556,147.101151,67.759140,90.316261
1703,9.461111,147.102234,67.763290,90.315140
1704,9.466667,147.099609,67.762459,90.314613
1705,9.472222,147.100082,67.762161,90.317329
1706,9.477778,147.098999,67.762619,90.315300
1707,9.483333,147.104080,67.763344,90.315796
1708,9.488889,147.102356,67.761414,90.316261
1709,9.494444,147.102234,67.759407,90.316650
1710,9.500000,147.101135,67.763107,90.316925
1711,9.505556,147.103104,67.761848,90.317795
1712,9.511111,147.099854,67.758514,90.315475
1713,9.516667,147.101944,67.758987,90.319084
1714,9.522222,147.099396,67.759933,90.316322
1715,9.527778,147.100189,67.760185,90.313515
1716,9.533333,147.098267,67.758713,90.314095
1717,9.538889,147.098221,67.759071,90.310760
1718,9.544444,147.102112,67.757584,90.315804
1719,9.550000,147.098221,67.758118,90.313698
1720,9.555556,147.098679,67.759743,90.312401
1721,9.561111,147.096466,67.761475,90.314087
1722,9.566667,147.101776,67.759209,90.314217
1723,9.572222,147.100784,67.759018,90.315536
1724,9.577778,147.100067,67.760666,90.311691
1725,9.583333,147.096848,67.756706,90.313477
1726,9.588889,147.098480,67.759987,90.311348
1727,9.594444,147.101685,67.759758,90.313660
1728,9.600000,147.099823,67.757767,90.313538
1729,9.605556,147.096100,67.759842,90.313721
1730,9.611111,147.101562,67.760376,90.313797
1731,9.616667,147.098862,67.758659,90.313080
1732,9.622222,147.098938,67.759308,90.317291
1733,9.627778,147.097443,67.759865,90.313095
1734,9.633333,147.099533,67.760719,90.315277
1735,9.638889,147.099701,67.760277,90.317703
1736,9.644444,147.100098,67.761604,90.315186
1737,9.650000,147.099655,67.761894,90.311844
1738,9.655556,147.098785,67.762535,90.314796
1739,9.661111,147.100555,67.762260,90.314415
1740,9.666667,147.100296,67.758446,90.315994
1741,9.672222,147.100830,67.762901,90.316559
1742,9.677778,147.100967,67.763481,90.314819
1743,9.683333,147.101135,67.763306,90.317856
1744,9.688889,147.101822,67.763039,90.315178
1745,9.694444,147.103241,67.764755,90.316444
1746,9.700000,147.103424,67.764572,90.316284
1747,9.705556,147.106445,67.766525,90.318810
1748,9.711111,147.100983,67.767616,90.313919
1749,9.716667,147.103897,67.764877,90.316772
1750,9.722222,147.103409,67.764114,90.315887
1751,9.727778,147.103256,67.765167,90.320419
1752,9.733333,147.102646,67.765442,90.317337
1753,9.738889,147.104492,67.763008,90.322617
1754,9.744444,147.102386,67.764122,90.316498
1755,9.750000,147.102036,67.761559,90.316719
1756,9.755556,147.103638,67.758583,90.317169
1757,9.761111,147.104828,67.759789,90.316895
1758,9.766667,147.101974,67.763664,90.314110
1759,9.772222,147.102356,67.763947,90.317642
1760,9.777778,147.104553,67.759674,90.318726
1761,9.783333,147.104233,67.762535,90.317917
1762,9.788889,147.102966,67.761559,90.314072
1763,9.794444,147.102402,67.765068,90.315811
1764,9.800000,147.102753,67.762581,90.318398
1765,9.805556,147.103043,67.762718,90.314186
1766,9.811111,147.103027,67.763153,90.315109
1767,9.816667,147.103485,67.762886,90.317406
1768,9.822222,147.102707,67.762100,90.318771
1769,9.827778,147.101624,67.761757,90.315071
1770,9.833333,147.103348,67.761757,90.313858
1771,9.838889,147.101456,67.763390,90.316429
1772,9.844444,147.105133,67.760223,90.317505
1773,9.850000,147.101318,67.761734,90.314377
1774,9.855556,147.103241,67.762260,90.317551
1775,9.861111,147.102036,67.759628,90.313690
1776,9.866667,147.098999,67.761902,90.315109
1777,9.872222,147.097641,67.761131,90.317650
1778,9.877778,147.097702,67.760559,90.315674
1779,9.883333,147.096954,67.763016,90.318604
1780,9.888889,147.100204,67.760124,90.317719
1781,9.894444,147.100769,67.757576,90.318077
1782,9.900000,147.097443,67.758423,90.310539
1783,9.905556,147.096619,67.758347,90.311714
1784,9.911111,147.099808,67.758965,90.312164
1785,9.916667,147.095596,67.758873,90.308357
1786,9.922222,147.096497,67.760841,90.311081
1787,9.927778,147.098221,67.761307,90.313614
1788,9.933333,147.096237,67.758118,90.312675
1789,9.938889,147.097275,67.757874,90.310860
1790,9.944444,147.097656,67.757576,90.314072
1791,9.950000,147.097626,67.756798,90.316765
1792,9.955556,147.099365,67.757957,90.314003
1793,9.961111,147.097260,67.758965,90.315025
1794,9.966667,147.093903,67.760056,90.312988
1795,9.972222,147.097031,67.760254,90.315544
1796,9.977778,147.095764,67.761421,90.309494
1797,9.983333,147.098373,67.758217,90.313103
1798,9.988889,147.097672,67.758125,90.311661
1799,9.994444,147.097214,67.758415,90.313004
1800,10.000000,147.097595,67.756485,90.311989
